ID;Position;Bisheriger_Budgetcode;Beschaffungsstufe_1_bis_4;Planmenge;Einheit;Bestand_eintragen;Restbedarf_eintragen;Bezugsart_vorhanden_Spende_gebraucht_neu_offen;Ansatz_je_Einheit_von_EUR;Ansatz_je_Einheit_bis_EUR;Ansatz_gesamt_von_EUR;Ansatz_gesamt_bis_EUR;Preisstatus;Rolle_Vorschlag;Name_eintragen;Termin_eintragen;Angebot_Endpreis_EUR_eintragen;Freigabe;Hinweis
B01;Aufmaß / Fachplanung / Prüfung;P0;1;1;Paket;;;offen;700;1600;700;1600;"Budgetansatz; kein Angebot";Projektleitung;;;;offen;"Bestand, Lasten, Elektrik, Boden; Leistungsumfang anbieten lassen"
B02;Elektrik + Licht + Daten;P1;2;1;Paket;;;offen;3500;6500;3500;6500;"Budgetansatz; kein Angebot";Gebäudetechnik;;;;offen;"Inkl. vorgeschlagenem Basis-Lichtpaket und Datenleitungen; Zuleitung/Verteiler verwendbar angenommen; Angebot nötig"
B03;Boden Hauptfläche;P1;2;140;m²;;;offen;18;35;2520;4900;"Budgetansatz; kein Angebot";Gebäudetechnik;;;;offen;"m²; Untergrundvorbereitung + einfaches kompatibles Beschichtungssystem"
B04;Gummiboden Gym;P2;4;8;m²;;;offen;35;65;280;520;"Budgetansatz; kein Angebot";Gym-Verantwortliche;;;;offen;"m² inkl. Randprofil; Last/Brandverhalten/System klären"
B05;Küche / Spüle / Arbeitsplatte;P1;2;1;Paket;;;offen;900;1800;900;1800;"Budgetansatz; kein Angebot";Bewirtung;;;;offen;"Gebrauchte oder einfache neue Module; ohne Elektrogeräte"
B06;Sanitäranschluss;P1;2;1;Paket;;;offen;600;1500;600;1500;"Budgetansatz; kein Angebot";Gebäudetechnik;;;;offen;"Wasser an Küchenwand bestätigt; Ablauf/Warmwasser und genaue Lage prüfen"
B07;Kühlschränke;P1;2;2;Stück;;;offen;200;450;400;900;"Budgetansatz; kein Angebot";Bewirtung;;;;offen;"Zwei geeignete Unterbaugeräte; Lüftung, Zugriff und Getränkekapazität prüfen"
B08;Kaffee + Mikrowelle + Geschirrspüler;P2;3;1;Paket;;;offen;450;1000;450;1000;"Budgetansatz; kein Angebot";Bewirtung;;;;offen;"Filterkaffee priorisieren; Geschirrspüler nach Nutzung"
B09;Stehtische zerlegbar;P2;3;4;Stück;;;offen;50;100;200;400;"Budgetansatz; kein Angebot";Einkauf;;;;offen;Vorhandene Stehtische nach Prüfung anrechnen
B10;Klapptische 180 × 80 cm;P1;2;6;Stück;;;offen;80;160;480;960;"Budgetansatz; kein Angebot";Einkauf;;;;offen;"Stabile Veranstaltungsqualität; 4 Sitzplätze je Tisch"
B11;Stapelstühle;P1;2;24;Stück;;;offen;25;55;600;1320;"Budgetansatz; kein Angebot";Einkauf;;;;offen;Transportwagen und Stapelmaß separat abgleichen
B12;Transport / abschließbares Lager;P1;2;1;Paket;;;offen;600;1200;600;1200;"Budgetansatz; kein Angebot";Raumorganisation;;;;offen;Tisch-/Stuhlwagen + getrennte Schränke für Sport und Verein
B13;TV 85 Zoll + Halter + Ton;P2;3;1;Paket;;;offen;1100;1800;1100;1800;"Budgetansatz; kein Angebot";Medien/IT;;;;offen;"Größe als Planungsannahme; Befestigung/Blendschutz prüfen"
B14;Zwei Arbeitsplätze;P2;4;1;Paket;;;offen;500;1100;500;1100;"Budgetansatz; kein Angebot";Einkauf;;;;offen;"Gebrauchte Tische/Stühle; Computer nicht enthalten; Netzwerktechnik separat"
B15;Säulen-Steckdosen / Aufputzzuleitung;P1;2;1;Paket;;;offen;300;600;300;600;"Budgetansatz; kein Angebot";Gebäudetechnik;;;;offen;"Zwei Säulen mit je 4 Steckplätzen; eigener Mehrkostenansatz, Ausführung nach Elektroangebot"
B16;WLAN / Router / Netzwerkschrank;P1;2;1;Paket;;;offen;600;1200;600;1200;"Budgetansatz; kein Angebot";Medien/IT;;;;offen;"Eigener Hardwareansatz: belüfteter Schrank, Router, 16-Port-Switch mit PoE, Patchpanel, 1 AP; Datenverkabelung im Elektroansatz; Anschluss/Monatsgebühren und zweiter AP nicht enthalten"
B17;Tresenschränke / Theke 120 × 75 cm;P2;3;3;Stück;;;offen;300;550;900;1650;"Budgetansatz; kein Angebot";Einkauf;;;;offen;"Ca. 50 cm Schranktiefe + 25 cm gastseitiger Überstand; reinigbare Böden und Schiebetüren"
B18;Tresenecke + Personalzugang;P2;3;1;Paket;;;offen;350;750;350;750;"Budgetansatz; kein Angebot";Einkauf;;;;offen;"Bündiger Küchenanschluss, angepasste Ecke und gesicherte Zugangsklappe; Beschläge/Auflager nach Aufmaß"
B19;Zusätzliche Getränkekühlschränke;P2;3;2;Stück;;;offen;250;500;500;1000;"Budgetansatz; kein Angebot";Bewirtung;;;;offen;"Zwei schmale Standgeräte mit Glastür; Typ/Kapazität und tatsächliche Maße offen"
B20;Stapelbare Barhocker;P2;3;4;Stück;;;offen;35;75;140;300;"Budgetansatz; kein Angebot";Einkauf;;;;offen;"Ca. 62 cm Sitzhöhe passend zu ca. 93 cm Thekenhöhe; gemeinsames Stapelmaß prüfen"
B21;Kompakte Loungesessel;P2;3;4;Stück;;;offen;80;180;320;720;"Budgetansatz; kein Angebot";Einkauf;;;;offen;"Weinrot als Ziel, Cognac alternativ; robuste reinigbare Bezüge, Gebrauchtkauf bemustern; Neubezug separat anbieten lassen"
B22;Couchtisch;P2;3;1;Paket;;;offen;50;120;50;120;"Budgetansatz; kein Angebot";Einkauf;;;;offen;"Leicht und mobil; ca. 90 × 65 cm"
B23;Kompaktgym;P2;4;1;Paket;;;offen;700;1500;700;1500;"Budgetansatz; kein Angebot";Gym-Verantwortliche;;;;offen;Klappbank, moderate Hanteln, Matten, Bänder, Stauraum
B24;Akustik / Blendschutz / Clubgrafik;P2;1;1;Paket;;;offen;1000;2500;1000;2500;"Budgetansatz; kein Angebot";Gebäudetechnik;;;;offen;"Geeignete Absorber und Rollos; keine vollständige Deckenverkleidung"
Z01;Geschirr-Grundstock und Reserve;zusätzlich / abgleichen;3;offen;offen;;;offen;;;;;"Angebot offen; nicht im bisherigen Gesamtbudget";Bewirtung;;;;offen;"Mengenszenario 60/80 wählen; Gläser/Tassen/Snackgeschirr; ggf. leihen"
Z02;Garderobe / Taschenablage;zusätzlich / abgleichen;2;offen;offen;;;offen;;;;;"Angebot offen; nicht im bisherigen Gesamtbudget";Raumorganisation;;;;offen;Standort und Menge im Aufmaß bestimmen
Z03;Putzschrank / getrennte Reinigungsmittelablage;zusätzlich / abgleichen;2;offen;offen;;;offen;;;;;"Angebot offen; nicht im bisherigen Gesamtbudget";Raumorganisation;;;;offen;"Vorhandenen Schrank prüfen; separat abschließbar; mit B12 abgleichen"
Z04;Rückgabeboxen / Abfall / Leergut;zusätzlich / abgleichen;2;offen;offen;;;offen;;;;;"Angebot offen; nicht im bisherigen Gesamtbudget";Bewirtung;;;;offen;Mengengerüst und Standorte festlegen
Z05;Lüftungsplanung / ggf. Umbau;zusätzlich / abgleichen;1;offen;offen;;;offen;;;;;"Angebot offen; nicht im bisherigen Gesamtbudget";Gebäudetechnik;;;;offen;"Leistungsumfang von B01 abgrenzen; notwendige Umsetzung vor entsprechender Nutzung"
Z06;CO₂-Monitor als Betriebshilfe;zusätzlich / abgleichen;2;offen;offen;;;offen;;;;;"Angebot offen; nicht im bisherigen Gesamtbudget";Gebäudetechnik;;;;offen;"Ein geeignetes Gerät als Vorschlag; Einbauort und Bedienung mit Fachbetrieb"
Z07;Betriebskosten pro Jahr;zusätzlich / abgleichen;1;offen;offen;;;offen;;;;;"Angebot offen; nicht im bisherigen Gesamtbudget";Vorstand / Kasse;;;;offen;"Strom, Wasser, Internet, Reinigung, Wartung, Verbrauch und Ersatz; jährlich getrennt planen"
