Rolle_Vorschlag;Aufgabe;Zeitpunkt;Ergebnis;Name_eintragen;Stellvertretung_eintragen;Termin_eintragen;Status
Projektleitung;Aufmaß, Angebote, Termine koordinieren;Vor Bestellung;Freigegebene Maßnahmenliste;;;;offen
Vorstand / Kasse;Budget, Beschaffung und laufende Kosten beschließen;"Vor Beauftragung; jährlich prüfen";Budget und Freigaben;;;;offen
Gebäudetechnik;"Eigentümer und Fachbetriebe; Akustik, Lüftung, Elektro, Sanitär, Boden";"Vor Ausbau; bei Übergabe";Fachunterlagen und Einweisung;;;;offen
Einkauf;Bestand, Bezugsart, Maße und Angebote vergleichen;Vor jeder Bestellung;Ausgefüllte Einkaufsliste;;;;offen
Bewirtung;Mengen, Kühlung, Spülen und Helferablauf erproben;Vor erster größerer Veranstaltung;Versorgungs- und Rückgabeplan;;;;offen
Medien/IT;TV-Sichttest, WLAN, Zugangsdaten und Betreuung;"Vor Montage; vor Veranstaltungen";Testprotokoll und benannte Betreuung;;;;offen
Raumorganisation;Buchung, Möbelwechsel, Lager und Schlüssel;"Vor Eröffnung; je Buchung";Raumübergabe und Lagerzuordnung;;;;offen
Veranstaltungsleitung;Helfer, Lüftungsbedienung, Wege und Schließdienst koordinieren;Je Veranstaltung;Veranstaltungs-Checkliste;;;;offen
Reinigung / Schließdienst;Rückgabe, Abfall, Reinigung und Abschluss nach Betriebsplan;Je Veranstaltung;Abschlusskontrolle;;;;offen
